{
    "loss": 6.205472469329834,
    "accuracy": 0.5035971403121948
}