{
    "loss": 38.07660675048828,
    "accuracy": 0.48201438784599304
}